{
    "metadata": {
        "title": "Gold Coast Seaway Wind Data",
        "unit": "knots",
        "date": "2025-09-09"
    },
    "data": [
        {
            "x": "00:00",
            "wind_knots": 2.9697635,
            "direction_degrees": 313,
            "direction_text": "NW",
            "wind_gust_knots": 5.021600100000001
        },
        {
            "x": "00:10",
            "wind_knots": 0.0,
            "direction_degrees": 0,
            "direction_text": "N",
            "wind_gust_knots": 0.0
        },
        {
            "x": "00:20",
            "wind_knots": 2.9697635,
            "direction_degrees": 307,
            "direction_text": "NW",
            "wind_gust_knots": 2.9697635
        },
        {
            "x": "00:30",
            "wind_knots": 1.9978409000000001,
            "direction_degrees": 309,
            "direction_text": "NW",
            "wind_gust_knots": 2.9697635
        },
        {
            "x": "00:40",
            "wind_knots": 3.9956818000000003,
            "direction_degrees": 286,
            "direction_text": "WNW",
            "wind_gust_knots": 3.9956818000000003
        },
        {
            "x": "00:50",
            "wind_knots": 3.9956818000000003,
            "direction_degrees": 282,
            "direction_text": "WNW",
            "wind_gust_knots": 3.9956818000000003
        },
        {
            "x": "01:00",
            "wind_knots": 3.9956818000000003,
            "direction_degrees": 285,
            "direction_text": "WNW",
            "wind_gust_knots": 5.021600100000001
        },
        {
            "x": "01:10",
            "wind_knots": 5.021600100000001,
            "direction_degrees": 283,
            "direction_text": "WNW",
            "wind_gust_knots": 5.9935227
        },
        {
            "x": "01:20",
            "wind_knots": 3.9956818000000003,
            "direction_degrees": 280,
            "direction_text": "W",
            "wind_gust_knots": 5.021600100000001
        },
        {
            "x": "01:30",
            "wind_knots": 3.9956818000000003,
            "direction_degrees": 290,
            "direction_text": "WNW",
            "wind_gust_knots": 5.021600100000001
        },
        {
            "x": "01:40",
            "wind_knots": 3.9956818000000003,
            "direction_degrees": 302,
            "direction_text": "WNW",
            "wind_gust_knots": 3.9956818000000003
        },
        {
            "x": "01:50",
            "wind_knots": 3.9956818000000003,
            "direction_degrees": 309,
            "direction_text": "NW",
            "wind_gust_knots": 5.021600100000001
        },
        {
            "x": "02:00",
            "wind_knots": 3.9956818000000003,
            "direction_degrees": 296,
            "direction_text": "WNW",
            "wind_gust_knots": 5.9935227
        },
        {
            "x": "02:10",
            "wind_knots": 2.9697635,
            "direction_degrees": 299,
            "direction_text": "WNW",
            "wind_gust_knots": 3.9956818000000003
        },
        {
            "x": "02:20",
            "wind_knots": 3.9956818000000003,
            "direction_degrees": 304,
            "direction_text": "NW",
            "wind_gust_knots": 5.021600100000001
        },
        {
            "x": "02:30",
            "wind_knots": 5.021600100000001,
            "direction_degrees": 303,
            "direction_text": "WNW",
            "wind_gust_knots": 7.0194410000000005
        },
        {
            "x": "02:40",
            "wind_knots": 5.9935227,
            "direction_degrees": 307,
            "direction_text": "NW",
            "wind_gust_knots": 7.0194410000000005
        },
        {
            "x": "02:50",
            "wind_knots": 5.021600100000001,
            "direction_degrees": 303,
            "direction_text": "WNW",
            "wind_gust_knots": 7.0194410000000005
        },
        {
            "x": "03:00",
            "wind_knots": 5.9935227,
            "direction_degrees": 313,
            "direction_text": "NW",
            "wind_gust_knots": 7.991363600000001
        },
        {
            "x": "03:10",
            "wind_knots": 5.9935227,
            "direction_degrees": 330,
            "direction_text": "NNW",
            "wind_gust_knots": 7.0194410000000005
        },
        {
            "x": "03:20",
            "wind_knots": 5.9935227,
            "direction_degrees": 316,
            "direction_text": "NW",
            "wind_gust_knots": 7.0194410000000005
        },
        {
            "x": "03:30",
            "wind_knots": 5.9935227,
            "direction_degrees": 319,
            "direction_text": "NW",
            "wind_gust_knots": 9.0172819
        },
        {
            "x": "03:40",
            "wind_knots": 5.9935227,
            "direction_degrees": 324,
            "direction_text": "NW",
            "wind_gust_knots": 7.0194410000000005
        },
        {
            "x": "03:50",
            "wind_knots": 5.9935227,
            "direction_degrees": 334,
            "direction_text": "NNW",
            "wind_gust_knots": 7.991363600000001
        },
        {
            "x": "04:00",
            "wind_knots": 5.021600100000001,
            "direction_degrees": 347,
            "direction_text": "NNW",
            "wind_gust_knots": 7.0194410000000005
        },
        {
            "x": "04:10",
            "wind_knots": 3.9956818000000003,
            "direction_degrees": 325,
            "direction_text": "NW",
            "wind_gust_knots": 7.0194410000000005
        },
        {
            "x": "04:20",
            "wind_knots": 5.9935227,
            "direction_degrees": 331,
            "direction_text": "NNW",
            "wind_gust_knots": 7.0194410000000005
        },
        {
            "x": "04:30",
            "wind_knots": 5.9935227,
            "direction_degrees": 334,
            "direction_text": "NNW",
            "wind_gust_knots": 9.0172819
        },
        {
            "x": "04:40",
            "wind_knots": 5.021600100000001,
            "direction_degrees": 317,
            "direction_text": "NW",
            "wind_gust_knots": 5.9935227
        },
        {
            "x": "04:50",
            "wind_knots": 5.9935227,
            "direction_degrees": 303,
            "direction_text": "WNW",
            "wind_gust_knots": 7.991363600000001
        },
        {
            "x": "05:00",
            "wind_knots": 5.021600100000001,
            "direction_degrees": 300,
            "direction_text": "WNW",
            "wind_gust_knots": 7.0194410000000005
        },
        {
            "x": "05:10",
            "wind_knots": 5.021600100000001,
            "direction_degrees": 306,
            "direction_text": "NW",
            "wind_gust_knots": 5.021600100000001
        },
        {
            "x": "05:20",
            "wind_knots": 3.9956818000000003,
            "direction_degrees": 293,
            "direction_text": "WNW",
            "wind_gust_knots": 5.021600100000001
        },
        {
            "x": "05:30",
            "wind_knots": 3.9956818000000003,
            "direction_degrees": 294,
            "direction_text": "WNW",
            "wind_gust_knots": 5.021600100000001
        },
        {
            "x": "05:40",
            "wind_knots": 5.021600100000001,
            "direction_degrees": 293,
            "direction_text": "WNW",
            "wind_gust_knots": 5.9935227
        },
        {
            "x": "05:50",
            "wind_knots": 5.021600100000001,
            "direction_degrees": 285,
            "direction_text": "WNW",
            "wind_gust_knots": 5.9935227
        },
        {
            "x": "06:00",
            "wind_knots": 5.9935227,
            "direction_degrees": 290,
            "direction_text": "WNW",
            "wind_gust_knots": 7.991363600000001
        },
        {
            "x": "06:10",
            "wind_knots": 5.021600100000001,
            "direction_degrees": 294,
            "direction_text": "WNW",
            "wind_gust_knots": 5.9935227
        },
        {
            "x": "06:20",
            "wind_knots": 3.9956818000000003,
            "direction_degrees": 293,
            "direction_text": "WNW",
            "wind_gust_knots": 5.9935227
        },
        {
            "x": "06:30",
            "wind_knots": 5.9935227,
            "direction_degrees": 303,
            "direction_text": "WNW",
            "wind_gust_knots": 7.991363600000001
        },
        {
            "x": "06:40",
            "wind_knots": 7.0194410000000005,
            "direction_degrees": 308,
            "direction_text": "NW",
            "wind_gust_knots": 7.991363600000001
        },
        {
            "x": "06:50",
            "wind_knots": 7.0194410000000005,
            "direction_degrees": 289,
            "direction_text": "WNW",
            "wind_gust_knots": 9.0172819
        },
        {
            "x": "07:00",
            "wind_knots": 5.9935227,
            "direction_degrees": 296,
            "direction_text": "WNW",
            "wind_gust_knots": 9.9892045
        },
        {
            "x": "07:10",
            "wind_knots": 9.0172819,
            "direction_degrees": 305,
            "direction_text": "NW",
            "wind_gust_knots": 11.0151228
        },
        {
            "x": "07:20",
            "wind_knots": 7.991363600000001,
            "direction_degrees": 304,
            "direction_text": "NW",
            "wind_gust_knots": 9.0172819
        },
        {
            "x": "07:30",
            "wind_knots": 7.991363600000001,
            "direction_degrees": 307,
            "direction_text": "NW",
            "wind_gust_knots": 11.9870454
        },
        {
            "x": "07:40",
            "wind_knots": 7.991363600000001,
            "direction_degrees": 317,
            "direction_text": "NW",
            "wind_gust_knots": 9.0172819
        },
        {
            "x": "07:50",
            "wind_knots": 7.991363600000001,
            "direction_degrees": 315,
            "direction_text": "NW",
            "wind_gust_knots": 11.0151228
        },
        {
            "x": "08:00",
            "wind_knots": 7.991363600000001,
            "direction_degrees": 307,
            "direction_text": "NW",
            "wind_gust_knots": 9.9892045
        },
        {
            "x": "08:10",
            "wind_knots": 7.991363600000001,
            "direction_degrees": 308,
            "direction_text": "NW",
            "wind_gust_knots": 9.9892045
        },
        {
            "x": "08:20",
            "wind_knots": 7.0194410000000005,
            "direction_degrees": 301,
            "direction_text": "WNW",
            "wind_gust_knots": 9.9892045
        },
        {
            "x": "08:30",
            "wind_knots": 9.0172819,
            "direction_degrees": 309,
            "direction_text": "NW",
            "wind_gust_knots": 13.012963700000002
        },
        {
            "x": "08:40",
            "wind_knots": 7.991363600000001,
            "direction_degrees": 297,
            "direction_text": "WNW",
            "wind_gust_knots": 11.0151228
        },
        {
            "x": "08:50",
            "wind_knots": 11.0151228,
            "direction_degrees": 304,
            "direction_text": "NW",
            "wind_gust_knots": 13.9848863
        },
        {
            "x": "09:00",
            "wind_knots": 9.9892045,
            "direction_degrees": 299,
            "direction_text": "WNW",
            "wind_gust_knots": 17.0086455
        },
        {
            "x": "09:10",
            "wind_knots": 9.9892045,
            "direction_degrees": 312,
            "direction_text": "NW",
            "wind_gust_knots": 13.012963700000002
        },
        {
            "x": "09:20",
            "wind_knots": 7.0194410000000005,
            "direction_degrees": 296,
            "direction_text": "WNW",
            "wind_gust_knots": 9.0172819
        },
        {
            "x": "09:30",
            "wind_knots": 9.0172819,
            "direction_degrees": 291,
            "direction_text": "WNW",
            "wind_gust_knots": 13.012963700000002
        },
        {
            "x": "09:40",
            "wind_knots": 11.0151228,
            "direction_degrees": 313,
            "direction_text": "NW",
            "wind_gust_knots": 13.9848863
        },
        {
            "x": "09:50",
            "wind_knots": 9.9892045,
            "direction_degrees": 327,
            "direction_text": "NNW",
            "wind_gust_knots": 13.012963700000002
        },
        {
            "x": "10:00",
            "wind_knots": 9.9892045,
            "direction_degrees": 324,
            "direction_text": "NW",
            "wind_gust_knots": 17.0086455
        },
        {
            "x": "10:10",
            "wind_knots": 11.0151228,
            "direction_degrees": 320,
            "direction_text": "NW",
            "wind_gust_knots": 13.012963700000002
        },
        {
            "x": "10:20",
            "wind_knots": 11.0151228,
            "direction_degrees": 311,
            "direction_text": "NW",
            "wind_gust_knots": 13.012963700000002
        },
        {
            "x": "10:30",
            "wind_knots": 11.0151228,
            "direction_degrees": 302,
            "direction_text": "WNW",
            "wind_gust_knots": 15.982727200000001
        },
        {
            "x": "10:40",
            "wind_knots": 9.9892045,
            "direction_degrees": 305,
            "direction_text": "NW",
            "wind_gust_knots": 11.0151228
        },
        {
            "x": "10:50",
            "wind_knots": 9.9892045,
            "direction_degrees": 310,
            "direction_text": "NW",
            "wind_gust_knots": 11.9870454
        },
        {
            "x": "11:00",
            "wind_knots": 9.0172819,
            "direction_degrees": 316,
            "direction_text": "NW",
            "wind_gust_knots": 13.9848863
        },
        {
            "x": "11:10",
            "wind_knots": 7.0194410000000005,
            "direction_degrees": 313,
            "direction_text": "NW",
            "wind_gust_knots": 9.0172819
        },
        {
            "x": "11:20",
            "wind_knots": 9.9892045,
            "direction_degrees": 310,
            "direction_text": "NW",
            "wind_gust_knots": 11.9870454
        },
        {
            "x": "11:30",
            "wind_knots": 9.0172819,
            "direction_degrees": 319,
            "direction_text": "NW",
            "wind_gust_knots": 13.012963700000002
        },
        {
            "x": "11:40",
            "wind_knots": 7.0194410000000005,
            "direction_degrees": 316,
            "direction_text": "NW",
            "wind_gust_knots": 9.0172819
        },
        {
            "x": "11:50",
            "wind_knots": 9.0172819,
            "direction_degrees": 323,
            "direction_text": "NW",
            "wind_gust_knots": 11.0151228
        },
        {
            "x": "12:00",
            "wind_knots": 9.0172819,
            "direction_degrees": 318,
            "direction_text": "NW",
            "wind_gust_knots": 13.9848863
        },
        {
            "x": "12:10",
            "wind_knots": 7.0194410000000005,
            "direction_degrees": 310,
            "direction_text": "NW",
            "wind_gust_knots": 9.0172819
        },
        {
            "x": "12:20",
            "wind_knots": 7.991363600000001,
            "direction_degrees": 319,
            "direction_text": "NW",
            "wind_gust_knots": 11.0151228
        },
        {
            "x": "12:30",
            "wind_knots": 9.0172819,
            "direction_degrees": 315,
            "direction_text": "NW",
            "wind_gust_knots": 15.0108046
        },
        {
            "x": "12:40",
            "wind_knots": 7.0194410000000005,
            "direction_degrees": 317,
            "direction_text": "NW",
            "wind_gust_knots": 9.0172819
        },
        {
            "x": "12:50",
            "wind_knots": 5.9935227,
            "direction_degrees": 313,
            "direction_text": "NW",
            "wind_gust_knots": 9.0172819
        },
        {
            "x": "13:00",
            "wind_knots": 7.0194410000000005,
            "direction_degrees": 306,
            "direction_text": "NW",
            "wind_gust_knots": 11.9870454
        },
        {
            "x": "13:10",
            "wind_knots": 7.0194410000000005,
            "direction_degrees": 325,
            "direction_text": "NW",
            "wind_gust_knots": 9.0172819
        },
        {
            "x": "13:20",
            "wind_knots": 7.991363600000001,
            "direction_degrees": 15,
            "direction_text": "NNE",
            "wind_gust_knots": 9.9892045
        },
        {
            "x": "13:30",
            "wind_knots": 11.0151228,
            "direction_degrees": 26,
            "direction_text": "NNE",
            "wind_gust_knots": 13.9848863
        },
        {
            "x": "13:40",
            "wind_knots": 7.0194410000000005,
            "direction_degrees": 6,
            "direction_text": "N",
            "wind_gust_knots": 9.9892045
        },
        {
            "x": "13:50",
            "wind_knots": 5.021600100000001,
            "direction_degrees": 359,
            "direction_text": "N",
            "wind_gust_knots": 7.991363600000001
        },
        {
            "x": "14:00",
            "wind_knots": 7.991363600000001,
            "direction_degrees": 3,
            "direction_text": "N",
            "wind_gust_knots": 13.9848863
        },
        {
            "x": "14:10",
            "wind_knots": 7.991363600000001,
            "direction_degrees": 355,
            "direction_text": "N",
            "wind_gust_knots": 11.9870454
        },
        {
            "x": "14:20",
            "wind_knots": 7.0194410000000005,
            "direction_degrees": 12,
            "direction_text": "NNE",
            "wind_gust_knots": 9.0172819
        },
        {
            "x": "14:30",
            "wind_knots": 7.991363600000001,
            "direction_degrees": 4,
            "direction_text": "N",
            "wind_gust_knots": 13.012963700000002
        },
        {
            "x": "14:40",
            "wind_knots": 11.0151228,
            "direction_degrees": 4,
            "direction_text": "N",
            "wind_gust_knots": 11.9870454
        },
        {
            "x": "14:50",
            "wind_knots": 9.9892045,
            "direction_degrees": 352,
            "direction_text": "N",
            "wind_gust_knots": 13.012963700000002
        },
        {
            "x": "15:00",
            "wind_knots": 9.9892045,
            "direction_degrees": 356,
            "direction_text": "N",
            "wind_gust_knots": 15.0108046
        },
        {
            "x": "15:10",
            "wind_knots": 9.9892045,
            "direction_degrees": 9,
            "direction_text": "N",
            "wind_gust_knots": 13.9848863
        },
        {
            "x": "15:20",
            "wind_knots": 11.0151228,
            "direction_degrees": 1,
            "direction_text": "N",
            "wind_gust_knots": 15.0108046
        },
        {
            "x": "15:30",
            "wind_knots": 9.0172819,
            "direction_degrees": 4,
            "direction_text": "N",
            "wind_gust_knots": 15.0108046
        },
        {
            "x": "15:40",
            "wind_knots": 7.991363600000001,
            "direction_degrees": 359,
            "direction_text": "N",
            "wind_gust_knots": 9.9892045
        },
        {
            "x": "15:50",
            "wind_knots": 9.0172819,
            "direction_degrees": 5,
            "direction_text": "N",
            "wind_gust_knots": 13.012963700000002
        },
        {
            "x": "16:00",
            "wind_knots": 9.0172819,
            "direction_degrees": 356,
            "direction_text": "N",
            "wind_gust_knots": 13.9848863
        },
        {
            "x": "16:10",
            "wind_knots": 9.9892045,
            "direction_degrees": 2,
            "direction_text": "N",
            "wind_gust_knots": 13.012963700000002
        },
        {
            "x": "16:20",
            "wind_knots": 9.0172819,
            "direction_degrees": 11,
            "direction_text": "N",
            "wind_gust_knots": 11.0151228
        },
        {
            "x": "16:30",
            "wind_knots": 9.0172819,
            "direction_degrees": 14,
            "direction_text": "NNE",
            "wind_gust_knots": 13.012963700000002
        },
        {
            "x": "16:40",
            "wind_knots": 7.991363600000001,
            "direction_degrees": 11,
            "direction_text": "N",
            "wind_gust_knots": 11.0151228
        },
        {
            "x": "16:50",
            "wind_knots": 7.991363600000001,
            "direction_degrees": 3,
            "direction_text": "N",
            "wind_gust_knots": 9.9892045
        },
        {
            "x": "17:00",
            "wind_knots": 7.0194410000000005,
            "direction_degrees": 358,
            "direction_text": "N",
            "wind_gust_knots": 11.0151228
        },
        {
            "x": "17:10",
            "wind_knots": 7.991363600000001,
            "direction_degrees": 333,
            "direction_text": "NNW",
            "wind_gust_knots": 11.9870454
        },
        {
            "x": "17:20",
            "wind_knots": 9.9892045,
            "direction_degrees": 347,
            "direction_text": "NNW",
            "wind_gust_knots": 11.9870454
        },
        {
            "x": "17:30",
            "wind_knots": 7.0194410000000005,
            "direction_degrees": 345,
            "direction_text": "NNW",
            "wind_gust_knots": 11.9870454
        },
        {
            "x": "17:40",
            "wind_knots": 9.0172819,
            "direction_degrees": 343,
            "direction_text": "NNW",
            "wind_gust_knots": 11.0151228
        },
        {
            "x": "17:50",
            "wind_knots": 7.991363600000001,
            "direction_degrees": 346,
            "direction_text": "NNW",
            "wind_gust_knots": 11.9870454
        },
        {
            "x": "18:00",
            "wind_knots": 7.0194410000000005,
            "direction_degrees": 338,
            "direction_text": "NNW",
            "wind_gust_knots": 13.012963700000002
        },
        {
            "x": "18:10",
            "wind_knots": 5.9935227,
            "direction_degrees": 332,
            "direction_text": "NNW",
            "wind_gust_knots": 7.991363600000001
        },
        {
            "x": "18:20",
            "wind_knots": 7.991363600000001,
            "direction_degrees": 335,
            "direction_text": "NNW",
            "wind_gust_knots": 9.9892045
        },
        {
            "x": "18:30",
            "wind_knots": 7.991363600000001,
            "direction_degrees": 331,
            "direction_text": "NNW",
            "wind_gust_knots": 13.9848863
        },
        {
            "x": "18:40",
            "wind_knots": 3.9956818000000003,
            "direction_degrees": 327,
            "direction_text": "NNW",
            "wind_gust_knots": 7.0194410000000005
        },
        {
            "x": "18:50",
            "wind_knots": 7.991363600000001,
            "direction_degrees": 332,
            "direction_text": "NNW",
            "wind_gust_knots": 11.0151228
        },
        {
            "x": "19:00",
            "wind_knots": 5.9935227,
            "direction_degrees": 341,
            "direction_text": "NNW",
            "wind_gust_knots": 11.0151228
        },
        {
            "x": "19:10",
            "wind_knots": 5.021600100000001,
            "direction_degrees": 340,
            "direction_text": "NNW",
            "wind_gust_knots": 7.0194410000000005
        },
        {
            "x": "19:20",
            "wind_knots": 7.0194410000000005,
            "direction_degrees": 349,
            "direction_text": "N",
            "wind_gust_knots": 7.991363600000001
        },
        {
            "x": "19:30",
            "wind_knots": 7.0194410000000005,
            "direction_degrees": 342,
            "direction_text": "NNW",
            "wind_gust_knots": 11.0151228
        },
        {
            "x": "19:40",
            "wind_knots": 5.9935227,
            "direction_degrees": 340,
            "direction_text": "NNW",
            "wind_gust_knots": 7.991363600000001
        },
        {
            "x": "19:50",
            "wind_knots": 5.021600100000001,
            "direction_degrees": 355,
            "direction_text": "N",
            "wind_gust_knots": 7.0194410000000005
        },
        {
            "x": "20:00",
            "wind_knots": 5.9935227,
            "direction_degrees": 337,
            "direction_text": "NNW",
            "wind_gust_knots": 7.991363600000001
        },
        {
            "x": "20:10",
            "wind_knots": 5.9935227,
            "direction_degrees": 345,
            "direction_text": "NNW",
            "wind_gust_knots": 7.991363600000001
        },
        {
            "x": "20:20",
            "wind_knots": 5.9935227,
            "direction_degrees": 338,
            "direction_text": "NNW",
            "wind_gust_knots": 7.991363600000001
        },
        {
            "x": "20:30",
            "wind_knots": 5.9935227,
            "direction_degrees": 335,
            "direction_text": "NNW",
            "wind_gust_knots": 9.0172819
        },
        {
            "x": "20:40",
            "wind_knots": 7.0194410000000005,
            "direction_degrees": 321,
            "direction_text": "NW",
            "wind_gust_knots": 7.991363600000001
        },
        {
            "x": "20:50",
            "wind_knots": 5.9935227,
            "direction_degrees": 333,
            "direction_text": "NNW",
            "wind_gust_knots": 7.0194410000000005
        },
        {
            "x": "21:00",
            "wind_knots": 5.021600100000001,
            "direction_degrees": 309,
            "direction_text": "NW",
            "wind_gust_knots": 7.991363600000001
        },
        {
            "x": "21:10",
            "wind_knots": 3.9956818000000003,
            "direction_degrees": 308,
            "direction_text": "NW",
            "wind_gust_knots": 5.021600100000001
        },
        {
            "x": "21:20",
            "wind_knots": 0.0,
            "direction_degrees": 0,
            "direction_text": "N",
            "wind_gust_knots": 0.0
        },
        {
            "x": "21:30",
            "wind_knots": 0.9719226000000001,
            "direction_degrees": 339,
            "direction_text": "NNW",
            "wind_gust_knots": 5.021600100000001
        },
        {
            "x": "21:40",
            "wind_knots": 0.0,
            "direction_degrees": 0,
            "direction_text": "N",
            "wind_gust_knots": 0.0
        },
        {
            "x": "21:50",
            "wind_knots": 5.021600100000001,
            "direction_degrees": 332,
            "direction_text": "NNW",
            "wind_gust_knots": 7.0194410000000005
        },
        {
            "x": "22:00",
            "wind_knots": 3.9956818000000003,
            "direction_degrees": 331,
            "direction_text": "NNW",
            "wind_gust_knots": 5.9935227
        },
        {
            "x": "22:10",
            "wind_knots": 3.9956818000000003,
            "direction_degrees": 333,
            "direction_text": "NNW",
            "wind_gust_knots": 5.021600100000001
        },
        {
            "x": "22:20",
            "wind_knots": 5.021600100000001,
            "direction_degrees": 357,
            "direction_text": "N",
            "wind_gust_knots": 5.9935227
        },
        {
            "x": "22:30",
            "wind_knots": 5.021600100000001,
            "direction_degrees": 352,
            "direction_text": "N",
            "wind_gust_knots": 7.991363600000001
        },
        {
            "x": "22:40",
            "wind_knots": 7.991363600000001,
            "direction_degrees": 6,
            "direction_text": "N",
            "wind_gust_knots": 9.0172819
        },
        {
            "x": "22:50",
            "wind_knots": 7.0194410000000005,
            "direction_degrees": 354,
            "direction_text": "N",
            "wind_gust_knots": 9.0172819
        },
        {
            "x": "23:00",
            "wind_knots": 7.0194410000000005,
            "direction_degrees": 346,
            "direction_text": "NNW",
            "wind_gust_knots": 9.9892045
        },
        {
            "x": "23:10",
            "wind_knots": 7.991363600000001,
            "direction_degrees": 336,
            "direction_text": "NNW",
            "wind_gust_knots": 9.0172819
        },
        {
            "x": "23:20",
            "wind_knots": 9.0172819,
            "direction_degrees": 330,
            "direction_text": "NNW",
            "wind_gust_knots": 9.9892045
        },
        {
            "x": "23:30",
            "wind_knots": 7.991363600000001,
            "direction_degrees": 331,
            "direction_text": "NNW",
            "wind_gust_knots": 13.012963700000002
        },
        {
            "x": "23:40",
            "wind_knots": 7.991363600000001,
            "direction_degrees": 330,
            "direction_text": "NNW",
            "wind_gust_knots": 9.9892045
        },
        {
            "x": "23:50",
            "wind_knots": 7.0194410000000005,
            "direction_degrees": 334,
            "direction_text": "NNW",
            "wind_gust_knots": 9.0172819
        }
    ]
}